epoch,time,train/box_loss,train/cls_loss,train/dfl_loss,metrics/precision(B),metrics/recall(B),metrics/mAP50(B),metrics/mAP50-95(B),val/box_loss,val/cls_loss,val/dfl_loss,lr/pg0,lr/pg1,lr/pg2
1,5.3624,1.30569,2.68394,1.14679,0.00333,0.00952,3e-05,1e-05,1.55939,4.9756,1.16199,0,0,0
2,11.1112,1.93598,3.73417,1.27902,0.00333,0.00952,3e-05,1e-05,1.55939,4.9756,1.16199,0.000660067,0.000660067,0.000660067
3,16.6276,1.40389,3.58233,1.12841,0.00333,0.00952,3e-05,1e-05,1.55939,4.9756,1.16199,0.00130693,0.00130693,0.00130693
4,23.1109,1.87523,3.92889,1.33849,0.00333,0.00952,3e-05,1e-05,1.55939,4.9756,1.16199,0.0019406,0.0019406,0.0019406
5,29.0996,1.62229,3.81321,1.21138,0.00333,0.00952,3e-05,1e-05,1.55939,4.9756,1.16199,0.0019208,0.0019208,0.0019208
6,35.8083,3.67156,5.13711,1.86768,0.00333,0.00952,3e-05,1e-05,1.55939,4.9756,1.16199,0.001901,0.001901,0.001901
7,43.5615,2.73691,4.14118,1.44607,0,0,0,0,4.7398,595.863,4.27277,0.0018812,0.0018812,0.0018812
8,50.1525,2.90869,6.92301,1.54146,0,0,0,0,4.7398,595.863,4.27277,0.0018614,0.0018614,0.0018614
9,55.4765,3.14793,6.51226,1.68494,0,0,0,0,4.7398,595.863,4.27277,0.0018416,0.0018416,0.0018416
10,61.0553,3.58439,8.06996,1.64931,0,0,0,0,4.7398,595.863,4.27277,0.0018218,0.0018218,0.0018218
11,66.5635,3.44515,7.285,1.89569,0,0,0,0,4.7398,595.863,4.27277,0.001802,0.001802,0.001802
12,72.7343,3.64078,8.10334,1.70687,0,0,0,0,4.7398,595.863,4.27277,0.0017822,0.0017822,0.0017822
13,78.3741,3.5645,9.15189,1.6454,0.00181,0.00476,3e-05,1e-05,5.97315,1046,4.18904,0.0017624,0.0017624,0.0017624
14,83.5587,2.90309,10.8073,1.39884,0.00181,0.00476,3e-05,1e-05,5.97315,1046,4.18904,0.0017426,0.0017426,0.0017426
15,89.0445,2.57809,11.8834,1.26406,0.00181,0.00476,3e-05,1e-05,5.97315,1046,4.18904,0.0017228,0.0017228,0.0017228
16,94.6923,2.43357,8.93264,1.43782,0.00181,0.00476,3e-05,1e-05,5.97315,1046,4.18904,0.001703,0.001703,0.001703
17,100.159,2.58277,13.0183,1.48552,0.00181,0.00476,3e-05,1e-05,5.97315,1046,4.18904,0.0016832,0.0016832,0.0016832
18,106.239,2.72003,11.0841,1.3242,0.00181,0.00476,3e-05,1e-05,5.97315,1046,4.18904,0.0016634,0.0016634,0.0016634
19,112.471,2.68152,10.9839,1.38262,0,0,0,0,0.00406,9.92823e+07,270.872,0.0016436,0.0016436,0.0016436
20,117.522,2.2512,3.97331,1.28028,0,0,0,0,0.00406,9.92823e+07,270.872,0.0016238,0.0016238,0.0016238
21,122.32,2.18861,3.59019,1.36359,0,0,0,0,0.00406,9.92823e+07,270.872,0.001604,0.001604,0.001604
22,127.455,2.47885,3.77338,1.28486,0,0,0,0,0.00406,9.92823e+07,270.872,0.0015842,0.0015842,0.0015842
23,132.968,2.5106,3.93038,1.29977,0,0,0,0,0.00406,9.92823e+07,270.872,0.0015644,0.0015644,0.0015644
24,138.67,2.31752,3.32118,1.37668,0,0,0,0,0.00406,9.92823e+07,270.872,0.0015446,0.0015446,0.0015446
25,144.44,2.95152,3.83001,1.40856,0.025,0.07143,0.00208,0.0003,4.63313,1.96054e+06,1729.76,0.0015248,0.0015248,0.0015248
26,150.464,2.48994,3.04271,1.39519,0.025,0.07143,0.00208,0.0003,4.63313,1.96054e+06,1729.76,0.001505,0.001505,0.001505
27,156.551,2.89212,2.44748,1.34017,0.025,0.07143,0.00208,0.0003,4.63313,1.96054e+06,1729.76,0.0014852,0.0014852,0.0014852
28,163.493,2.95645,2.54983,1.50058,0.025,0.07143,0.00208,0.0003,4.63313,1.96054e+06,1729.76,0.0014654,0.0014654,0.0014654
29,170.614,2.8202,2.58588,1.44876,0.025,0.07143,0.00208,0.0003,4.63313,1.96054e+06,1729.76,0.0014456,0.0014456,0.0014456
30,177.915,2.31389,2.4386,1.40967,0.025,0.07143,0.00208,0.0003,4.63313,1.96054e+06,1729.76,0.0014258,0.0014258,0.0014258
31,185.391,3.04553,2.73836,1.42644,0.00667,0.01905,0.00024,5e-05,5.26809,228008,466.808,0.001406,0.001406,0.001406
32,192.289,1.94759,2.10349,1.17384,0.00667,0.01905,0.00024,5e-05,5.26809,228008,466.808,0.0013862,0.0013862,0.0013862
33,199.357,2.22802,2.12868,1.14266,0.00667,0.01905,0.00024,5e-05,5.26809,228008,466.808,0.0013664,0.0013664,0.0013664
34,205.934,2.48962,2.28407,1.30047,0.00667,0.01905,0.00024,5e-05,5.26809,228008,466.808,0.0013466,0.0013466,0.0013466
35,212.515,1.942,1.72968,1.11537,0.00667,0.01905,0.00024,5e-05,5.26809,228008,466.808,0.0013268,0.0013268,0.0013268
36,218.788,1.91525,1.75617,1.14842,0.00667,0.01905,0.00024,5e-05,5.26809,228008,466.808,0.001307,0.001307,0.001307
37,225.386,1.94094,2.23171,1.31595,0,0,0,0,5.62123,3053.71,186.235,0.0012872,0.0012872,0.0012872
38,231.847,1.71487,2.0072,1.22701,0,0,0,0,5.62123,3053.71,186.235,0.0012674,0.0012674,0.0012674
39,238.324,1.89618,1.99471,1.09148,0,0,0,0,5.62123,3053.71,186.235,0.0012476,0.0012476,0.0012476
40,245.279,2.07919,1.91636,1.10409,0,0,0,0,5.62123,3053.71,186.235,0.0012278,0.0012278,0.0012278
41,251.829,1.76439,1.88232,1.16076,0,0,0,0,5.62123,3053.71,186.235,0.001208,0.001208,0.001208
42,258.301,1.5743,1.7514,1.04107,0,0,0,0,5.62123,3053.71,186.235,0.0011882,0.0011882,0.0011882
43,265.1,1.86463,1.78545,1.07535,0.00333,0.00952,2e-05,1e-05,4.13139,36.8816,9.49524,0.0011684,0.0011684,0.0011684
44,271.632,1.82756,1.80544,1.11647,0.00333,0.00952,2e-05,1e-05,4.13139,36.8816,9.49524,0.0011486,0.0011486,0.0011486
45,277.468,1.82184,2.1087,1.35223,0.00333,0.00952,2e-05,1e-05,4.13139,36.8816,9.49524,0.0011288,0.0011288,0.0011288
46,282.198,1.60962,1.41831,1.06545,0.00333,0.00952,2e-05,1e-05,4.13139,36.8816,9.49524,0.001109,0.001109,0.001109
47,286.799,1.88232,1.62322,1.12933,0.00333,0.00952,2e-05,1e-05,4.13139,36.8816,9.49524,0.0010892,0.0010892,0.0010892
48,291.581,1.73309,1.74442,1.10155,0.00333,0.00952,2e-05,1e-05,4.13139,36.8816,9.49524,0.0010694,0.0010694,0.0010694
49,297.857,1.62693,1.43868,1.06452,0.00743,0.01905,0.00011,2e-05,2.5143,49.3081,2.50804,0.0010496,0.0010496,0.0010496
50,303.535,1.77825,1.72687,1.07458,0.00743,0.01905,0.00011,2e-05,2.5143,49.3081,2.50804,0.0010298,0.0010298,0.0010298
51,309.468,2.02596,1.72407,1.05657,0.00743,0.01905,0.00011,2e-05,2.5143,49.3081,2.50804,0.00101,0.00101,0.00101
52,315.234,1.46865,1.59836,1.12101,0.00743,0.01905,0.00011,2e-05,2.5143,49.3081,2.50804,0.0009902,0.0009902,0.0009902
53,320.314,1.82238,1.58156,1.11849,0.00743,0.01905,0.00011,2e-05,2.5143,49.3081,2.50804,0.0009704,0.0009704,0.0009704
54,325.242,1.39197,1.30939,1.014,0.00743,0.01905,0.00011,2e-05,2.5143,49.3081,2.50804,0.0009506,0.0009506,0.0009506
55,330.374,1.63723,1.84224,1.07021,0.33767,0.53895,0.25545,0.14131,1.60005,2.4757,1.25366,0.0009308,0.0009308,0.0009308
56,335.516,2.22282,1.63079,1.04846,0.33767,0.53895,0.25545,0.14131,1.60005,2.4757,1.25366,0.000911,0.000911,0.000911
57,340.46,1.51221,1.38572,1.00307,0.33767,0.53895,0.25545,0.14131,1.60005,2.4757,1.25366,0.0008912,0.0008912,0.0008912
58,345.422,1.41408,1.29505,0.97143,0.33767,0.53895,0.25545,0.14131,1.60005,2.4757,1.25366,0.0008714,0.0008714,0.0008714
59,350.478,1.67232,2.03045,1.08123,0.33767,0.53895,0.25545,0.14131,1.60005,2.4757,1.25366,0.0008516,0.0008516,0.0008516
60,355.432,1.40367,1.24951,0.99614,0.33767,0.53895,0.25545,0.14131,1.60005,2.4757,1.25366,0.0008318,0.0008318,0.0008318
61,360.38,1.59812,1.50292,1.09138,0.55139,0.66667,0.59625,0.37762,1.33016,1.74128,1.08518,0.000812,0.000812,0.000812
62,365.162,1.49959,1.47868,0.95325,0.55139,0.66667,0.59625,0.37762,1.33016,1.74128,1.08518,0.0007922,0.0007922,0.0007922
63,369.915,1.42991,1.36908,0.98683,0.55139,0.66667,0.59625,0.37762,1.33016,1.74128,1.08518,0.0007724,0.0007724,0.0007724
64,374.503,1.65094,2.14357,1.20922,0.55139,0.66667,0.59625,0.37762,1.33016,1.74128,1.08518,0.0007526,0.0007526,0.0007526
65,379.345,1.38453,1.32868,0.98339,0.55139,0.66667,0.59625,0.37762,1.33016,1.74128,1.08518,0.0007328,0.0007328,0.0007328
66,384.007,1.25258,1.3323,1.01235,0.55139,0.66667,0.59625,0.37762,1.33016,1.74128,1.08518,0.000713,0.000713,0.000713
67,388.916,1.75654,1.59075,1.00181,0.58702,0.81429,0.6738,0.45537,1.19488,1.15817,1.02104,0.0006932,0.0006932,0.0006932
68,393.856,1.58098,1.45771,0.98049,0.58702,0.81429,0.6738,0.45537,1.19488,1.15817,1.02104,0.0006734,0.0006734,0.0006734
69,398.78,1.31965,1.33622,0.9612,0.58702,0.81429,0.6738,0.45537,1.19488,1.15817,1.02104,0.0006536,0.0006536,0.0006536
70,403.602,1.30251,1.42957,0.9778,0.58702,0.81429,0.6738,0.45537,1.19488,1.15817,1.02104,0.0006338,0.0006338,0.0006338
71,408.399,1.23823,1.49812,1.00822,0.58702,0.81429,0.6738,0.45537,1.19488,1.15817,1.02104,0.000614,0.000614,0.000614
72,413.304,1.49291,1.43398,0.97544,0.58702,0.81429,0.6738,0.45537,1.19488,1.15817,1.02104,0.0005942,0.0005942,0.0005942
73,418.439,1.56855,1.25285,1.01422,0.64116,0.73172,0.65428,0.46526,1.07372,1.19249,0.98332,0.0005744,0.0005744,0.0005744
74,423.191,1.24615,1.27217,0.94964,0.64116,0.73172,0.65428,0.46526,1.07372,1.19249,0.98332,0.0005546,0.0005546,0.0005546
75,428.05,1.45042,1.36046,0.94397,0.64116,0.73172,0.65428,0.46526,1.07372,1.19249,0.98332,0.0005348,0.0005348,0.0005348
76,433.037,1.52341,1.31537,0.97819,0.64116,0.73172,0.65428,0.46526,1.07372,1.19249,0.98332,0.000515,0.000515,0.000515
77,437.939,1.53104,1.46609,1.0007,0.64116,0.73172,0.65428,0.46526,1.07372,1.19249,0.98332,0.0004952,0.0004952,0.0004952
78,442.725,1.33197,1.31436,1.00802,0.64116,0.73172,0.65428,0.46526,1.07372,1.19249,0.98332,0.0004754,0.0004754,0.0004754
79,447.696,1.11166,1.22995,0.95527,0.61545,0.71905,0.63988,0.46211,1.027,1.22699,0.97124,0.0004556,0.0004556,0.0004556
80,452.162,1.24118,1.36375,1.02468,0.61545,0.71905,0.63988,0.46211,1.027,1.22699,0.97124,0.0004358,0.0004358,0.0004358
81,456.806,1.12446,1.12972,1.00069,0.61545,0.71905,0.63988,0.46211,1.027,1.22699,0.97124,0.000416,0.000416,0.000416
82,461.512,1.17071,1.15344,0.93113,0.61545,0.71905,0.63988,0.46211,1.027,1.22699,0.97124,0.0003962,0.0003962,0.0003962
83,466.365,1.19831,1.2781,0.98284,0.61545,0.71905,0.63988,0.46211,1.027,1.22699,0.97124,0.0003764,0.0003764,0.0003764
84,471.113,1.14292,1.62931,0.97686,0.61545,0.71905,0.63988,0.46211,1.027,1.22699,0.97124,0.0003566,0.0003566,0.0003566
85,475.883,1.15541,1.13325,0.96949,0.58222,0.75714,0.64455,0.4715,1.00748,1.23721,0.96936,0.0003368,0.0003368,0.0003368
86,480.526,1.16945,1.14064,0.89803,0.58222,0.75714,0.64455,0.4715,1.00748,1.23721,0.96936,0.000317,0.000317,0.000317
87,485.317,1.23042,1.23431,0.95242,0.58222,0.75714,0.64455,0.4715,1.00748,1.23721,0.96936,0.0002972,0.0002972,0.0002972
88,490.359,1.30987,1.32833,0.97119,0.58222,0.75714,0.64455,0.4715,1.00748,1.23721,0.96936,0.0002774,0.0002774,0.0002774
89,495.242,1.18802,1.16597,0.92617,0.58222,0.75714,0.64455,0.4715,1.00748,1.23721,0.96936,0.0002576,0.0002576,0.0002576
90,500.137,1.39946,1.33195,0.91423,0.58222,0.75714,0.64455,0.4715,1.00748,1.23721,0.96936,0.0002378,0.0002378,0.0002378
91,505.065,1.21289,1.33327,0.91362,0.61481,0.75246,0.67583,0.49955,0.98496,1.23411,0.96484,0.000218,0.000218,0.000218
92,509.711,1.5358,1.38004,1.02809,0.61481,0.75246,0.67583,0.49955,0.98496,1.23411,0.96484,0.0001982,0.0001982,0.0001982
93,514.313,1.10697,1.3085,0.98838,0.61481,0.75246,0.67583,0.49955,0.98496,1.23411,0.96484,0.0001784,0.0001784,0.0001784
94,519.073,1.18107,1.31246,0.95676,0.61481,0.75246,0.67583,0.49955,0.98496,1.23411,0.96484,0.0001586,0.0001586,0.0001586
95,523.549,1.2126,1.48735,0.97263,0.61481,0.75246,0.67583,0.49955,0.98496,1.23411,0.96484,0.0001388,0.0001388,0.0001388
96,528.117,1.29816,1.37148,0.99709,0.61481,0.75246,0.67583,0.49955,0.98496,1.23411,0.96484,0.000119,0.000119,0.000119
97,532.778,1.13948,1.35428,0.99668,0.65058,0.77143,0.69076,0.51735,0.96654,1.22873,0.96137,9.92e-05,9.92e-05,9.92e-05
98,537.625,1.21139,1.44367,0.95269,0.65058,0.77143,0.69076,0.51735,0.96654,1.22873,0.96137,7.94e-05,7.94e-05,7.94e-05
99,542.197,1.13551,1.22942,0.95008,0.65058,0.77143,0.69076,0.51735,0.96654,1.22873,0.96137,5.96e-05,5.96e-05,5.96e-05
100,546.856,1.11455,1.20988,0.91796,0.65058,0.77143,0.69076,0.51735,0.96654,1.22873,0.96137,3.98e-05,3.98e-05,3.98e-05
